{"Astro":{"bottom4Percentage":0.2768287341217696,"top4Percentage":0.7231712658782304,"totalBottom4":632,"totalTimesPlayed":2283,"totalTop4":1651,"totalWins":350,"winPercentage":0.1533070521243977},"Battlecast":{"bottom4Percentage":0.3404139433551198,"top4Percentage":0.6595860566448801,"totalBottom4":625,"totalTimesPlayed":1836,"totalTop4":1211,"totalWins":337,"winPercentage":0.1835511982570806},"Blaster":{"bottom4Percentage":0.30810348514004704,"top4Percentage":0.691896514859953,"totalBottom4":1441,"totalTimesPlayed":4677,"totalTop4":3236,"totalWins":855,"winPercentage":0.18280949326491341},"Chrono":{"bottom4Percentage":0.31385746998820346,"top4Percentage":0.6861425300117966,"totalBottom4":4523,"totalTimesPlayed":14411,"totalTop4":9888,"totalWins":2896,"winPercentage":0.20095760183193395},"Cybernetic":{"bottom4Percentage":0.28926673751328374,"top4Percentage":0.7107332624867163,"totalBottom4":1361,"totalTimesPlayed":4705,"totalTop4":3344,"totalWins":897,"winPercentage":0.19064824654622742},"DarkStar":{"bottom4Percentage":0.30798319327731094,"top4Percentage":0.6920168067226891,"totalBottom4":1466,"totalTimesPlayed":4760,"totalTop4":3294,"totalWins":865,"winPercentage":0.18172268907563024},"Demolitionist":{"bottom4Percentage":0.3304491141326741,"top4Percentage":0.6695508858673259,"totalBottom4":802,"totalTimesPlayed":2427,"totalTop4":1625,"totalWins":480,"winPercentage":0.19777503090234858},"Infiltrator":{"bottom4Percentage":0.31675046308547233,"top4Percentage":0.6832495369145276,"totalBottom4":1197,"totalTimesPlayed":3779,"totalTop4":2582,"totalWins":814,"winPercentage":0.2154008997089177},"ManaReaver":{"bottom4Percentage":0.3389252203582599,"top4Percentage":0.6610747796417401,"totalBottom4":1192,"totalTimesPlayed":3517,"totalTop4":2325,"totalWins":913,"winPercentage":0.25959624680125104},"MechPilot":{"bottom4Percentage":0.3099108547456738,"top4Percentage":0.6900891452543262,"totalBottom4":591,"totalTimesPlayed":1907,"totalTop4":1316,"totalWins":254,"winPercentage":0.1331934976402727},"Mercenary":{"bottom4Percentage":0.33253873659118,"top4Percentage":0.6674612634088201,"totalBottom4":837,"totalTimesPlayed":2517,"totalTop4":1680,"totalWins":511,"winPercentage":0.20301946762018275},"Paragon":{"bottom4Percentage":0.36315557514323493,"top4Percentage":0.6368444248567651,"totalBottom4":824,"totalTimesPlayed":2269,"totalTop4":1445,"totalWins":460,"winPercentage":0.20273248126928162},"Protector":{"bottom4Percentage":0.2828507795100223,"top4Percentage":0.7171492204899778,"totalBottom4":381,"totalTimesPlayed":1347,"totalTop4":966,"totalWins":254,"winPercentage":0.18856718634001485},"Rebel":{"bottom4Percentage":0.30222139257046854,"top4Percentage":0.6977786074295315,"totalBottom4":1619,"totalTimesPlayed":5357,"totalTop4":3738,"totalWins":1083,"winPercentage":0.20216539107709539},"Set3_Blademaster":{"bottom4Percentage":0.2806509139545252,"top4Percentage":0.7193490860454748,"totalBottom4":1259,"totalTimesPlayed":4486,"totalTop4":3227,"totalWins":883,"winPercentage":0.19683459652251448},"Set3_Brawler":{"bottom4Percentage":0.30605285592497866,"top4Percentage":0.6939471440750213,"totalBottom4":1436,"totalTimesPlayed":4692,"totalTop4":3256,"totalWins":795,"winPercentage":0.1694373401534527},"Set3_Celestial":{"bottom4Percentage":0.30716489544052106,"top4Percentage":0.6928351045594789,"totalBottom4":896,"totalTimesPlayed":2917,"totalTop4":2021,"totalWins":611,"winPercentage":0.20946177579705177},"Set3_Mystic":{"bottom4Percentage":0.31771863117870724,"top4Percentage":0.6822813688212928,"totalBottom4":2089,"totalTimesPlayed":6575,"totalTop4":4486,"totalWins":1315,"winPercentage":0.2},"Set3_Sorcerer":{"bottom4Percentage":0.31294860752225095,"top4Percentage":0.687051392477749,"totalBottom4":1090,"totalTimesPlayed":3483,"totalTop4":2393,"totalWins":487,"winPercentage":0.13982199253517083},"Set3_Void":{"bottom4Percentage":0.6,"top4Percentage":0.4,"totalBottom4":3,"totalTimesPlayed":5,"totalTop4":2,"totalWins":1,"winPercentage":0.2},"Sniper":{"bottom4Percentage":0.28192574459404324,"top4Percentage":0.7180742554059567,"totalBottom4":1382,"totalTimesPlayed":4902,"totalTop4":3520,"totalWins":916,"winPercentage":0.1868625050999592},"SpacePirate":{"bottom4Percentage":0.215962441314554,"top4Percentage":0.784037558685446,"totalBottom4":46,"totalTimesPlayed":213,"totalTop4":167,"totalWins":37,"winPercentage":0.17370892018779344},"StarGuardian":{"bottom4Percentage":0.3138878434324426,"top4Percentage":0.6861121565675574,"totalBottom4":834,"totalTimesPlayed":2657,"totalTop4":1823,"totalWins":409,"winPercentage":0.1539330071509221},"Starship":{"bottom4Percentage":0.35280126849894294,"top4Percentage":0.6471987315010571,"totalBottom4":1335,"totalTimesPlayed":3784,"totalTop4":2449,"totalWins":925,"winPercentage":0.24445031712473572},"Valkyrie":{"bottom4Percentage":0.46153846153846156,"top4Percentage":0.5384615384615384,"totalBottom4":6,"totalTimesPlayed":13,"totalTop4":7,"totalWins":3,"winPercentage":0.23076923076923078},"Vanguard":{"bottom4Percentage":0.2980372546568321,"top4Percentage":0.7019627453431679,"totalBottom4":2384,"totalTimesPlayed":7999,"totalTop4":5615,"totalWins":1450,"winPercentage":0.1812726590823853}}